run_date,account,action,symbol,description,type,exchange_quantity,exchange_currency,currency,price,quantity,exchange_rate,commission,fees,accrued_interest,amount,settlement_date
2025-03-31,Account_A,EXPIRED PUT (NVDA) NVIDIA CORPORATION MAR 28 25 $94 as of Mar-28-2025 PUT (NVDA) NVIDIA CORPORATION MAR 28 25 $94 (100 SHS) (Margin),-NVDA250328P94,PUT (NVDA) NVIDIA CORPORATION MAR 28 25 $94 (100 SHS),Margin,0.0,,USD,,-1.0,0.0,,,,0.0,
2025-03-31,Account_A,YOU SOLD OPENING TRANSACTION PUT (PLTR) PALANTIR MAY 02 25 $82 (100 SHS) (Margin),-PLTR250502P82,PUT (PLTR) PALANTIR MAY 02 25 $82 (100 SHS),Margin,0.0,,USD,6.71,-1.0,0.0,0.65,0.05,,670.3,2025-04-01
2025-03-31,Account_A,YOU SOLD OPENING TRANSACTION PUT (PLTR) PALANTIR APR 25 25 $74 (100 SHS) (Margin),-PLTR250425P74,PUT (PLTR) PALANTIR APR 25 25 $74 (100 SHS),Margin,0.0,,USD,2.87,-1.0,0.0,0.65,0.03,,286.32,2025-04-01
2025-03-31,Account_A,YOU SOLD CLOSING TRANSACTION PUT (PLTR) PALANTIR APR 11 25 $64 (100 SHS) (Margin),-PLTR250411P64,PUT (PLTR) PALANTIR APR 11 25 $64 (100 SHS),Margin,0.0,,USD,0.43,-1.0,0.0,0.65,0.03,,42.32,2025-04-01
2025-03-31,Account_A,YOU BOUGHT CLOSING TRANSACTION PUT (PLTR) PALANTIR APR 11 25 $74 (100 SHS) (Margin),-PLTR250411P74,PUT (PLTR) PALANTIR APR 11 25 $74 (100 SHS),Margin,0.0,,USD,1.67,1.0,0.0,0.65,0.03,,-167.68,2025-04-01
2025-01-13,Account_A,ASSIGNED as of Jan-10-2025 PUT (PLTR) PALANTIR JAN 10 25 $68 (100 SHS) (Cash),-PLTR250110P68,PUT (PLTR) PALANTIR JAN 10 25 $68 (100 SHS),Cash,0.0,,USD,,1.0,0.0,,,,0.0,
2025-06-30,Account_A,"EXPIRED PUT (MARA) MARA HOLDINGS, INC. JUN 27 25 $14 as of Jun-27-2025 PUT (MARA) MARA HOLDINGS, INC. JUN 27 25 $14 (100 SHS) (Margin)",-MARA250627P14,"PUT (MARA) MARA HOLDINGS, INC. JUN 27 25 $14 (100 SHS)",Margin,0.0,,USD,,4.0,0.0,,,,0.0,
2025-06-30,Account_A,YOU SOLD OPENING TRANSACTION PUT (HIMS) HIMS &HERS HEALTH JUL 25 25 $42 (100 SHS) (Margin),-HIMS250725P42,PUT (HIMS) HIMS &HERS HEALTH JUL 25 25 $42 (100 SHS),Margin,0.0,,USD,1.76,-1.0,0.0,0.65,0.03,,175.32,2025-07-01
2025-06-30,Account_A,"YOU BOUGHT CLOSING TRANSACTION PUT (MARA) MARA HOLDINGS, INC. JUL 03 25 $13.5 (100 SHS) (Margin)",-MARA250703P13.5,"PUT (MARA) MARA HOLDINGS, INC. JUL 03 25 $13.5 (100 SHS)",Margin,0.0,,USD,0.03,1.0,0.0,,0.03,,-3.03,2025-07-01
2025-06-30,Account_A,YOU BOUGHT CLOSING TRANSACTION PUT (HIMS) HIMS &HERS HEALTH JUL 18 25 $42 (100 SHS) (Margin),-HIMS250718P42,PUT (HIMS) HIMS &HERS HEALTH JUL 18 25 $42 (100 SHS),Margin,0.0,,USD,1.21,1.0,0.0,0.65,0.03,,-121.68,2025-07-01
2025-06-30,Account_C,YOU SOLD OPENING TRANSACTION PUT (HIMS) HIMS &HERS HEALTH JUL 25 25 $38 (100 SHS) (Cash),-HIMS250725P38,PUT (HIMS) HIMS &HERS HEALTH JUL 25 25 $38 (100 SHS),Cash,0.0,,USD,0.92,-1.0,0.0,0.65,0.03,,91.32,2025-07-01
2025-06-23,Account_A,EXPIRED PUT (SCHD) SCHWAB US DIVIDEND JUN 20 25 $25.5 as of Jun-20-2025 PUT (SCHD) SCHWAB US DIVIDEND JUN 20 25 $25.5 (100 SHS) (Margin),-SCHD250620P25.5,PUT (SCHD) SCHWAB US DIVIDEND JUN 20 25 $25.5 (100 SHS),Margin,0.0,,USD,,1.0,0.0,,,,0.0,
2025-09-30,Account_A,YOU SOLD CLOSING TRANSACTION PUT (NVDA) NVIDIA CORPORATION OCT 03 25 $157.5 (100 SHS) (Margin),-NVDA251003P157.5,PUT (NVDA) NVIDIA CORPORATION OCT 03 25 $157.5 (100 SHS),Margin,0.0,,USD,0.03,-1.0,0.0,0.15,0.02,,2.83,2025-10-01
2025-09-30,Account_A,YOU BOUGHT CLOSING TRANSACTION PUT (NVDA) NVIDIA CORPORATION OCT 03 25 $167.5 (100 SHS) (Margin),-NVDA251003P167.5,PUT (NVDA) NVIDIA CORPORATION OCT 03 25 $167.5 (100 SHS),Margin,0.0,,USD,0.09,1.0,0.0,,0.02,,-9.02,2025-10-01
2025-09-30,Account_A,YOU BOUGHT OPENING TRANSACTION PUT (XYZ) BLOCK INC CL A OCT 24 25 $55 (100 SHS) (Margin),-XYZ251024P55,PUT (XYZ) BLOCK INC CL A OCT 24 25 $55 (100 SHS),Margin,0.0,,USD,0.17,1.0,0.0,0.65,0.02,,-17.67,2025-10-01
2025-09-30,Account_A,YOU BOUGHT OPENING TRANSACTION PUT (IWM) ISHARES RUSSELL 2000OCT 24 25 $213 (100 SHS) (Margin),-IWM251024P213,PUT (IWM) ISHARES RUSSELL 2000OCT 24 25 $213 (100 SHS),Margin,0.0,,USD,0.31,1.0,0.0,0.65,0.02,,-31.67,2025-10-01
2025-09-29,Account_A,EXPIRED PUT (NVDA) NVIDIA CORPORATION SEP 26 25 $165 as of Sep-26-2025 PUT (NVDA) NVIDIA CORPORATION SEP 26 25 $165 (100 SHS) (Margin),-NVDA250926P165,PUT (NVDA) NVIDIA CORPORATION SEP 26 25 $165 (100 SHS),Margin,0.0,,USD,,1.0,0.0,,,,0.0,
2025-09-22,Account_A,EXPIRED CALL (SCHD) SCHWAB US DIVIDEND SEP 19 25 $28 as of Sep-19-2025 CALL (SCHD) SCHWAB US DIVIDEND SEP 19 25 $28 (100 SHS) (Margin),-SCHD250919C28,CALL (SCHD) SCHWAB US DIVIDEND SEP 19 25 $28 (100 SHS),Margin,0.0,,USD,,5.0,0.0,,,,0.0,
2025-12-31,Account_A,YOU BOUGHT OPENING TRANSACTION PUT (OKLO) OKLO INC COM CL A JAN 30 26 $55 (100 SHS) (Margin),-OKLO260130P55,PUT (OKLO) OKLO INC COM CL A JAN 30 26 $55 (100 SHS),Margin,0.0,,USD,1.21,1.0,0.0,0.65,0.01,,-121.66,2026-01-02
2025-12-31,Account_A,YOU SOLD OPENING TRANSACTION PUT (OKLO) OKLO INC COM CL A JAN 30 26 $65 (100 SHS) (Margin),-OKLO260130P65,PUT (OKLO) OKLO INC COM CL A JAN 30 26 $65 (100 SHS),Margin,0.0,,USD,3.87,-1.0,0.0,0.65,0.01,,386.34,2026-01-02
2025-12-31,Account_A,YOU BOUGHT CLOSING TRANSACTION PUT (MSFT) MICROSOFT CORP JAN 09 26 $460 (100 SHS) (Margin),-MSFT260109P460,PUT (MSFT) MICROSOFT CORP JAN 09 26 $460 (100 SHS),Margin,0.0,,USD,0.51,1.0,0.0,,0.01,,-51.01,2026-01-02
2025-12-31,Account_A,YOU SOLD CLOSING TRANSACTION PUT (MSFT) MICROSOFT CORP JAN 09 26 $450 (100 SHS) (Margin),-MSFT260109P450,PUT (MSFT) MICROSOFT CORP JAN 09 26 $450 (100 SHS),Margin,0.0,,USD,0.28,-1.0,0.0,0.65,0.01,,27.34,2026-01-02
2025-12-22,Account_B,EXPIRED PUT (GS) GOLDMAN SACHS GROUP DEC 19 25 $735 as of Dec-19-2025 PUT (GS) GOLDMAN SACHS GROUP DEC 19 25 $735 (100 SHS) (Margin),-GS251219P735,PUT (GS) GOLDMAN SACHS GROUP DEC 19 25 $735 (100 SHS),Margin,0.0,,USD,,1.0,0.0,,,,0.0,
2025-12-18,Account_A,YOU SOLD OPENING TRANSACTION CALL (SCHD) SCHWAB US DIVIDEND JAN 16 26 $27 (100 SHS) (Margin),-SCHD260116C27,CALL (SCHD) SCHWAB US DIVIDEND JAN 16 26 $27 (100 SHS),Margin,0.0,,USD,0.9,-3.0,0.0,1.95,0.04,,268.01,2025-12-19
2026-03-31,Account_A,ASSIGNED as of Mar-30-2026 PUT (BA) BOEING CO APR 10 26 $220 (100 SHS) (Margin),-BA260410P220,PUT (BA) BOEING CO APR 10 26 $220 (100 SHS),Margin,0.0,,USD,,1.0,0.0,,,,0.0,
2026-03-31,Account_A,YOU SOLD OPENING TRANSACTION PUT (MSFT) MICROSOFT CORP MAY 08 26 $375 (100 SHS) (Margin),-MSFT260508P375,PUT (MSFT) MICROSOFT CORP MAY 08 26 $375 (100 SHS),Margin,0.0,,USD,19.37,-1.0,0.0,0.65,0.02,,1936.33,2026-04-01
2026-03-31,Account_A,YOU BOUGHT OPENING TRANSACTION PUT (MSFT) MICROSOFT CORP MAY 08 26 $365 (100 SHS) (Margin),-MSFT260508P365,PUT (MSFT) MICROSOFT CORP MAY 08 26 $365 (100 SHS),Margin,0.0,,USD,14.59,1.0,0.0,0.65,0.02,,-1459.67,2026-04-01
2026-03-31,Account_A,YOU BOUGHT CLOSING TRANSACTION CALL (GOOGL) ALPHABET INC CAP STK APR 17 26 $292.5 (100 SHS) (Margin),-GOOGL260417C292.5,CALL (GOOGL) ALPHABET INC CAP STK APR 17 26 $292.5 (100 SHS),Margin,0.0,,USD,5.39,1.0,0.0,0.65,0.02,,-539.67,2026-04-01
2026-03-31,Account_A,YOU SOLD CLOSING TRANSACTION PUT (IWM) ISHARES RUSSELL 2000 APR 24 26 $239 (100 SHS) (Margin),-IWM260424P239,PUT (IWM) ISHARES RUSSELL 2000 APR 24 26 $239 (100 SHS),Margin,0.0,,USD,5.7,-1.0,0.0,0.65,0.02,,569.33,2026-04-01
2026-03-31,Account_C,YOU SOLD OPENING TRANSACTION CALL (SCHD) SCHWAB US DIVIDEND MAY 15 26 $32 (100 SHS) (Cash),-SCHD260515C32,CALL (SCHD) SCHWAB US DIVIDEND MAY 15 26 $32 (100 SHS),Cash,0.0,,USD,0.2,-1.0,0.0,0.65,0.02,,19.33,2026-04-01
2026-03-30,Account_C,EXPIRED CALL (SCHD) SCHWAB US DIVIDEND MAR 27 26 $32 as of Mar-27-2026 CALL (SCHD) SCHWAB US DIVIDEND MAR 27 26 $32 (100 SHS) (Cash),-SCHD260327C32,CALL (SCHD) SCHWAB US DIVIDEND MAR 27 26 $32 (100 SHS),Cash,0.0,,USD,,1.0,0.0,,,,0.0,
2026-04-30,Account_A,YOU SOLD OPENING TRANSACTION PUT (META) META PLATFORMS INC JUN 18 26 $580 (100 SHS) (Margin),-META260618P580,PUT (META) META PLATFORMS INC JUN 18 26 $580 (100 SHS),Margin,0.0,,USD,12.85,-1.0,0.0,0.65,0.05,,1284.3,2026-05-01
2026-04-30,Account_A,YOU BOUGHT OPENING TRANSACTION PUT (META) META PLATFORMS INC JUN 18 26 $575 (100 SHS) (Margin),-META260618P575,PUT (META) META PLATFORMS INC JUN 18 26 $575 (100 SHS),Margin,0.0,,USD,11.45,1.0,0.0,0.65,0.02,,-1145.67,2026-05-01
2026-04-30,Account_A,YOU BOUGHT CLOSING TRANSACTION PUT (SNDK) SANDISK CORP COM MAY 15 26 $650 (100 SHS) (Margin),-SNDK260515P650,PUT (SNDK) SANDISK CORP COM MAY 15 26 $650 (100 SHS),Margin,0.0,,USD,2.94,1.0,0.0,0.65,0.02,,-294.67,2026-05-01
2026-04-30,Account_A,YOU SOLD CLOSING TRANSACTION PUT (SNDK) SANDISK CORP COM MAY 15 26 $640 (100 SHS) (Margin),-SNDK260515P640,PUT (SNDK) SANDISK CORP COM MAY 15 26 $640 (100 SHS),Margin,0.0,,USD,2.74,-1.0,0.0,0.65,0.02,,273.33,2026-05-01
2026-05-14,Account_C,YOU SOLD OPENING TRANSACTION CALL (SCHD) SCHWAB US DIVIDEND JUN 18 26 $32 (100 SHS) (Cash),-SCHD260618C32,CALL (SCHD) SCHWAB US DIVIDEND JUN 18 26 $32 (100 SHS),Cash,0.0,,USD,0.43,-1.0,0.0,0.65,0.02,,42.33,2026-05-15
2026-05-11,Account_A,EXPIRED PUT (EWY) ISHARES MSCI SOUTH MAY 08 26 $189 as of May-08-2026 PUT (EWY) ISHARES MSCI SOUTH MAY 08 26 $189 (100 SHS) (Margin),-EWY260508P189,PUT (EWY) ISHARES MSCI SOUTH MAY 08 26 $189 (100 SHS),Margin,0.0,,USD,,2.0,0.0,,,,0.0,
